{
    "player_2": 25.407090909090908,
    "player_1": 25.406990909090908,
    "player_3": 25.405699999999996,
    "player_0": 23.78021818181818
}