{
    "0_results/final_models/dmc_models/dmc_cego_final_other_players/dmc/0_2500048000.pth": {
        "appg": 46.46178,
        "wp": 0.699576
    },
    "1_random": {
        "appg": 32.53822,
        "wp": 0.300424
    },
    "2_random": {
        "appg": 32.53822,
        "wp": 0.300424
    },
    "3_random": {
        "appg": 32.53822,
        "wp": 0.300424
    }
}