{
    "gstiess-trump": 1.0,
    "21-trump": 0.895784,
    "20-trump": 0.800855224813599,
    "19-trump": 0.7129022733982876,
    "18-trump": 0.6360604451350675,
    "17-trump": 0.5660314374431832,
    "16-trump": 0.5052309941614218,
    "15-trump": 0.45229259612937467,
    "14-trump": 0.40622590305796763,
    "13-trump": 0.36634077599693193,
    "k-h": 0.3553470487503143,
    "k-c": 0.3552025275923832,
    "k-s": 0.3546858540279338,
    "k-d": 0.3546224139849543,
    "12-trump": 0.33188780375822463,
    "11-trump": 0.30253084459608237,
    "10-trump": 0.27596727124664255,
    "9-trump": 0.2544678850170451,
    "8-trump": 0.23620225101910078,
    "7-trump": 0.21967178998237108,
    "d-c": 0.214600184936345,
    "d-h": 0.214517956611332,
    "d-d": 0.2142282212404026,
    "d-s": 0.21409849565164996,
    "6-trump": 0.20606236431476901,
    "5-trump": 0.19477829902962143,
    "4-trump": 0.18406510871974194,
    "3-trump": 0.17571074460962724,
    "2-trump": 0.1679282111646688,
    "1-trump": 0.16120636350403286,
    "r-c": 0.1205035835581175,
    "r-s": 0.12044226427631198,
    "r-d": 0.12016300451532569,
    "r-h": 0.12004495415957972,
    "b-s": 0.06309176112145196,
    "b-h": 0.06253044371477678,
    "b-d": 0.06224216918613952,
    "b-c": 0.062142581460525356,
    "10-c": 0.03177568427299099,
    "1-d": 0.031453000590547175,
    "1-h": 0.031421605138684645,
    "10-s": 0.0313524511985757,
    "9-c": 0.018031832222275782,
    "9-s": 0.01799915466397893,
    "2-d": 0.017990025203731247,
    "2-h": 0.0178887040598846,
    "3-d": 0.012068592936645358,
    "8-c": 0.011988461738456949,
    "8-s": 0.011844090883593533,
    "3-h": 0.011610223336589898,
    "7-c": 0.0074437854256585,
    "4-d": 0.007425602585051275,
    "4-h": 0.007280437806798753,
    "7-s": 0.007272404635737276
}