{
    "player_3": 25.42447272727273,
    "player_1": 25.410054545454546,
    "player_2": 25.395409090909094,
    "player_0": 23.770063636363638
}