{
    "player_0": 25.61099090909091,
    "player_2": 24.82230909090909,
    "player_1": 24.78730909090909,
    "player_3": 24.77939090909091
}