{
    "gstiess-trump": 0.09090909090909091,
    "21-trump": 0.08363636363636363,
    "20-trump": 0.07454545454545454,
    "19-trump": 0.06363636363636363,
    "18-trump": 0.05181818181818182,
    "16-trump": 0.046363636363636364,
    "17-trump": 0.045454545454545456,
    "15-trump": 0.04363636363636364,
    "12-trump": 0.035454545454545454,
    "k-h": 0.034545454545454546,
    "14-trump": 0.031818181818181815,
    "13-trump": 0.03090909090909091,
    "k-s": 0.03,
    "k-c": 0.02727272727272727,
    "11-trump": 0.02727272727272727,
    "k-d": 0.026363636363636363,
    "5-trump": 0.019090909090909092,
    "4-trump": 0.016363636363636365,
    "8-trump": 0.016363636363636365,
    "9-trump": 0.016363636363636365,
    "10-trump": 0.016363636363636365,
    "7-trump": 0.015454545454545455,
    "d-s": 0.014545454545454545,
    "d-d": 0.013636363636363636,
    "2-trump": 0.013636363636363636,
    "d-c": 0.012727272727272728,
    "3-trump": 0.012727272727272728,
    "6-trump": 0.012727272727272728,
    "d-h": 0.011818181818181818,
    "r-c": 0.01090909090909091,
    "r-h": 0.01,
    "r-d": 0.008181818181818182,
    "1-trump": 0.008181818181818182,
    "1-d": 0.004545454545454545,
    "r-s": 0.0036363636363636364,
    "b-c": 0.0027272727272727275,
    "b-h": 0.0027272727272727275,
    "b-d": 0.0027272727272727275,
    "9-s": 0.0018181818181818182,
    "2-h": 0.0018181818181818182,
    "2-d": 0.0018181818181818182,
    "7-c": 0.0009090909090909091,
    "8-c": 0.0009090909090909091,
    "10-c": 0.0009090909090909091,
    "10-s": 0.0009090909090909091,
    "1-h": 0.0009090909090909091,
    "3-d": 0.0009090909090909091,
    "9-c": 0.0,
    "7-s": 0.0,
    "8-s": 0.0,
    "b-s": 0.0,
    "4-h": 0.0,
    "3-h": 0.0,
    "4-d": 0.0
}