{
  "gstiess-trump": 0.09090909090909091,
  "21-trump": 0.08147,
  "20-trump": 0.072252,
  "19-trump": 0.0637890909090909,
  "18-trump": 0.05599863636363636,
  "17-trump": 0.04908027272727273,
  "16-trump": 0.04301181818181818,
  "15-trump": 0.03783218181818182,
  "14-trump": 0.03335854545454545,
  "13-trump": 0.029637818181818182,
  "12-trump": 0.02641690909090909,
  "k-d": 0.025838545454545454,
  "k-h": 0.025814727272727274,
  "k-c": 0.025810545454545454,
  "k-s": 0.025782636363636365,
  "11-trump": 0.023641454545454545,
  "10-trump": 0.021430818181818183,
  "9-trump": 0.01940618181818182,
  "8-trump": 0.017798181818181817,
  "7-trump": 0.016508636363636364,
  "d-c": 0.015591,
  "d-h": 0.015590818181818181,
  "d-d": 0.01551,
  "d-s": 0.015502272727272727,
  "6-trump": 0.015416454545454546,
  "5-trump": 0.014416181818181818,
  "4-trump": 0.013624272727272728,
  "3-trump": 0.012878545454545455,
  "2-trump": 0.012297,
  "1-trump": 0.011731272727272727,
  "r-s": 0.008717090909090909,
  "r-h": 0.008691454545454546,
  "r-c": 0.008677272727272728,
  "r-d": 0.008662636363636364,
  "b-s": 0.004508727272727273,
  "b-h": 0.004506636363636364,
  "b-d": 0.004482,
  "b-c": 0.0044758181818181815,
  "1-h": 0.0022945454545454545,
  "10-c": 0.002281181818181818,
  "10-s": 0.002274181818181818,
  "1-d": 0.0022684545454545453,
  "2-h": 0.0012545454545454546,
  "2-d": 0.0012482727272727272,
  "9-s": 0.0012394545454545455,
  "9-c": 0.0012326363636363637,
  "8-c": 0.0007822727272727273,
  "3-d": 0.0007769090909090909,
  "8-s": 0.0007743636363636364,
  "3-h": 0.0007672727272727272,
  "7-c": 0.0004400909090909091,
  "7-s": 0.00043427272727272726,
  "4-d": 0.0004335454545454545,
  "4-h": 0.00043045454545454545
}
